{"_type":"export","__export_format":4,"__export_date":"2024-11-26T09:57:22.643Z","__export_source":"insomnia.desktop.app:v10.1.1","resources":[{"_id":"req_915b5c4eff544af58430b6e4456fa843","parentId":"wrk_513df3f572bf4bea9636c23a542f9a83","modified":1732614624771,"created":1732286127503,"url":"https://ia81fdqska.execute-api.eu-north-1.amazonaws.com/dev/api/user/signup","name":"SignUp","description":"","method":"POST","body":{"mimeType":"application/json","text":"{\n  \"username\": \"Username\",\n  \"password\": \"Password\"\n}"},"parameters":[],"headers":[{"name":"User-Agent","value":"insomnia/10.1.1","id":"pair_9828a92a8fa24c1fa486bb8d823a524c"},{"id":"pair_0b109902cda449bbac1000cc1679aa45","name":"Content-Type","value":"application/json","description":"","disabled":false}],"authentication":{},"metaSortKey":-1732462068853,"isPrivate":false,"pathParameters":[],"settingStoreCookies":true,"settingSendCookies":true,"settingDisableRenderRequestBody":false,"settingEncodeUrl":true,"settingRebuildPath":true,"settingFollowRedirects":"global","_type":"request"},{"_id":"wrk_513df3f572bf4bea9636c23a542f9a83","parentId":null,"modified":1732286122020,"created":1732286122020,"name":"My Notes","description":"","scope":"collection","_type":"workspace"},{"_id":"req_bd3f5cc8f9894368a654c2031154328e","parentId":"wrk_513df3f572bf4bea9636c23a542f9a83","modified":1732614962367,"created":1732289001479,"url":"https://ia81fdqska.execute-api.eu-north-1.amazonaws.com/dev/api/user/login","name":"Login","description":"","method":"POST","body":{"mimeType":"application/json","text":"{\n  \"username\": \"Username\",\n  \"password\": \"Password\"\n}"},"parameters":[],"headers":[{"name":"Content-Type","value":"application/json","id":"pair_b9bbe578bff54c54853c889ceee2ed60"},{"name":"User-Agent","value":"insomnia/10.1.1","id":"pair_ae6e0a1722f9463fa3d8cbafbc678079"}],"authentication":{"type":"bearer","token":"eyJhbGciOiJIUzI1NiIsInR5cCI6IkpXVCJ9.eyJpZCI6InRlc3R1c2VyIiwiaWF0IjoxNzMyMjkwMzk1LCJleHAiOjE3MzIyOTM5OTV9.sirDBdbjHj9Osd8DRWZfj7psb0nTZZ7gSmo9o7n24GA","disabled":true},"metaSortKey":-1732462068803,"isPrivate":false,"pathParameters":[],"settingStoreCookies":true,"settingSendCookies":true,"settingDisableRenderRequestBody":false,"settingEncodeUrl":true,"settingRebuildPath":true,"settingFollowRedirects":"global","_type":"request"},{"_id":"req_7984fd079fbb443585a66e9981ade849","parentId":"wrk_513df3f572bf4bea9636c23a542f9a83","modified":1732614986662,"created":1732289203607,"url":"https://ia81fdqska.execute-api.eu-north-1.amazonaws.com/dev/api/notes","name":"Create Note","description":"","method":"POST","body":{"mimeType":"application/json","text":"{\n  \"title\": \"My first note\", \n\t\"text\": \"My first note\"\n}\n"},"parameters":[],"headers":[{"name":"Content-Type","value":"application/json","id":"pair_51aecbf234e34b069329d710d4ba7781"},{"name":"User-Agent","value":"insomnia/10.1.1","id":"pair_5a1a794cf4744becbca6948f5830f443"},{"id":"pair_c83a404bea6644bfbf68651e083c0a71","name":"Authorization","value":"eyJhbGciOiJIUzI1NiIsInR5cCI6IkpXVCJ9.eyJpZCI6InRlc3R1c2VyIiwiaWF0IjoxNzMyMzU5MTc1LCJleHAiOjE3MzIzNjI3NzV9.LKX3g6RMchvgMwjRrD_3LZuwOykzUEpHkyqwSvUF5Po","description":"","disabled":true}],"authentication":{"type":"bearer","token":"eyJhbGciOiJIUzI1NiIsInR5cCI6IkpXVCJ9.eyJpZCI6IklzYWJlbGxlIiwiaWF0IjoxNzMyNTMwNjM5LCJleHAiOjE3MzI1MzQyMzl9.fzy0q4cROEMQydrm-rfVHVeejZzxQWHLaJILZD4c_X8","disabled":false},"metaSortKey":-1732462068778,"isPrivate":false,"pathParameters":[],"settingStoreCookies":true,"settingSendCookies":true,"settingDisableRenderRequestBody":false,"settingEncodeUrl":true,"settingRebuildPath":true,"settingFollowRedirects":"global","_type":"request"},{"_id":"req_4c41538a949f46cc9e9e37dc68f6dcb6","parentId":"wrk_513df3f572bf4bea9636c23a542f9a83","modified":1732539448830,"created":1732361016483,"url":"https://ia81fdqska.execute-api.eu-north-1.amazonaws.com/dev/api/notes","name":"Get Notes","description":"","method":"GET","body":{},"parameters":[],"headers":[{"name":"User-Agent","value":"insomnia/10.1.1"}],"authentication":{"type":"bearer","token":"eyJhbGciOiJIUzI1NiIsInR5cCI6IkpXVCJ9.eyJpZCI6IklzYWJlbGxlIiwiaWF0IjoxNzMyNTM5MzQxLCJleHAiOjE3MzI1NDI5NDF9.-XmDBxM0iy151fKDuvXmF3vRLEsqt9DwVOT6_jJB0QI","disabled":false},"metaSortKey":-1732462068765.5,"isPrivate":false,"pathParameters":[],"settingStoreCookies":true,"settingSendCookies":true,"settingDisableRenderRequestBody":false,"settingEncodeUrl":true,"settingRebuildPath":true,"settingFollowRedirects":"global","_type":"request"},{"_id":"req_e28ea2754a4949489226c437dff6aec8","parentId":"wrk_513df3f572bf4bea9636c23a542f9a83","modified":1732537769242,"created":1732362266843,"url":"https://ia81fdqska.execute-api.eu-north-1.amazonaws.com/dev/api/notes/f064c457-0615-431a-9961-20adb2747dfb","name":"Update Note","description":"","method":"PUT","body":{"mimeType":"application/json","text":"{\n  \"title\": \"Min första anteckning\",\n\t\"text\": \"Idag är en snöig dag men solen lyser ännu mer fint än igår!!!\"\n}\n"},"parameters":[{"id":"pair_c283f5cc3a724fe4af9aa9d045000290","name":"id","value":"f064c457-0615-431a-9961-20adb2747dfb","description":"","disabled":true}],"headers":[{"name":"Content-Type","value":"application/json","id":"pair_9be51a8387264829a8113591c1784590"},{"name":"User-Agent","value":"insomnia/10.1.1","id":"pair_79adfc7a23a84a55a1aaad7bdef2f469"},{"id":"pair_af19318dd3014b2e931731ce9a7a9530","name":"Id","value":"f064c457-0615-431a-9961-20adb2747dfb","description":"","disabled":true}],"authentication":{"type":"bearer","token":"eyJhbGciOiJIUzI1NiIsInR5cCI6IkpXVCJ9.eyJpZCI6IklzYWJlbGxlIiwiaWF0IjoxNzMyNTM2NjQzLCJleHAiOjE3MzI1NDAyNDN9.-f0txnkDyC5-aiJYp9y1hQC4XwBqaaEB5almAvnyh_4","disabled":false},"metaSortKey":-1732462068759.25,"isPrivate":false,"pathParameters":[],"settingStoreCookies":true,"settingSendCookies":true,"settingDisableRenderRequestBody":false,"settingEncodeUrl":true,"settingRebuildPath":true,"settingFollowRedirects":"global","_type":"request"},{"_id":"req_35c4f817130944eca47f88812e146d68","parentId":"wrk_513df3f572bf4bea9636c23a542f9a83","modified":1732536585406,"created":1732461130912,"url":"https://ia81fdqska.execute-api.eu-north-1.amazonaws.com/dev/api/notes/fa9d7b1d-667f-4dfa-b073-0bfdac989095","name":"Delete Note","description":"","method":"DELETE","body":{},"parameters":[{"id":"pair_91e46050acbd48b5b1f6df2ca11b4e35","name":"id","value":"fa9d7b1d-667f-4dfa-b073-0bfdac989095","description":"","disabled":true}],"headers":[{"name":"User-Agent","value":"insomnia/10.1.1"}],"authentication":{"type":"bearer","token":"eyJhbGciOiJIUzI1NiIsInR5cCI6IkpXVCJ9.eyJpZCI6IklzYWJlbGxlIiwiaWF0IjoxNzMyNTMwNjM5LCJleHAiOjE3MzI1MzQyMzl9.fzy0q4cROEMQydrm-rfVHVeejZzxQWHLaJILZD4c_X8"},"metaSortKey":-1732462068756.125,"isPrivate":false,"pathParameters":[],"settingStoreCookies":true,"settingSendCookies":true,"settingDisableRenderRequestBody":false,"settingEncodeUrl":true,"settingRebuildPath":true,"settingFollowRedirects":"global","_type":"request"},{"_id":"req_505dd55f9b94478ca57cc03317ddd45f","parentId":"wrk_513df3f572bf4bea9636c23a542f9a83","modified":1732539460854,"created":1732532912436,"url":"https://ia81fdqska.execute-api.eu-north-1.amazonaws.com/dev/api/notes/deleted","name":"Get Deleted Notes","description":"","method":"GET","body":{},"parameters":[],"headers":[{"name":"User-Agent","value":"insomnia/10.1.1"}],"authentication":{"type":"bearer","token":"eyJhbGciOiJIUzI1NiIsInR5cCI6IkpXVCJ9.eyJpZCI6IklzYWJlbGxlIiwiaWF0IjoxNzMyNTM5MzQxLCJleHAiOjE3MzI1NDI5NDF9.-XmDBxM0iy151fKDuvXmF3vRLEsqt9DwVOT6_jJB0QI","disabled":false},"metaSortKey":-1732462068754.5625,"isPrivate":false,"pathParameters":[],"settingStoreCookies":true,"settingSendCookies":true,"settingDisableRenderRequestBody":false,"settingEncodeUrl":true,"settingRebuildPath":true,"settingFollowRedirects":"global","_type":"request"},{"_id":"req_60bcf9c555f84c7fbbd905885930e1e2","parentId":"wrk_513df3f572bf4bea9636c23a542f9a83","modified":1732539379613,"created":1732462068753,"url":"https://ia81fdqska.execute-api.eu-north-1.amazonaws.com/dev/api/notes/restore/fa9d7b1d-667f-4dfa-b073-0bfdac989095","name":"Restore Deleted Note","description":"","method":"POST","body":{},"parameters":[],"headers":[{"name":"User-Agent","value":"insomnia/10.1.1"}],"authentication":{"type":"bearer","token":"eyJhbGciOiJIUzI1NiIsInR5cCI6IkpXVCJ9.eyJpZCI6IklzYWJlbGxlIiwiaWF0IjoxNzMyNTM5MzQxLCJleHAiOjE3MzI1NDI5NDF9.-XmDBxM0iy151fKDuvXmF3vRLEsqt9DwVOT6_jJB0QI","disabled":false},"metaSortKey":-1732462068753,"isPrivate":false,"pathParameters":[],"settingStoreCookies":true,"settingSendCookies":true,"settingDisableRenderRequestBody":false,"settingEncodeUrl":true,"settingRebuildPath":true,"settingFollowRedirects":"global","_type":"request"},{"_id":"env_cbf7e5e8d521cfa6fd70e6c37deb4e7c950b5c4f","parentId":"wrk_513df3f572bf4bea9636c23a542f9a83","modified":1732286122023,"created":1732286122023,"name":"Base Environment","data":{},"dataPropertyOrder":null,"color":null,"isPrivate":false,"metaSortKey":1732286122023,"_type":"environment"},{"_id":"jar_cbf7e5e8d521cfa6fd70e6c37deb4e7c950b5c4f","parentId":"wrk_513df3f572bf4bea9636c23a542f9a83","modified":1732286122025,"created":1732286122025,"name":"Default Jar","cookies":[],"_type":"cookie_jar"}]}